lsoa_code,betting_shop_count
E01000005,1
E01000007,1
E01000009,2
E01000013,1
E01000020,1
E01000021,1
E01000035,1
E01000045,3
E01000052,1
E01000053,1
E01000057,1
E01000062,1
E01000064,1
E01000069,1
E01000070,2
E01000072,1
E01000077,1
E01000084,2
E01000093,1
E01000098,1
E01000101,1
E01000105,1
E01000108,1
E01000113,3
E01000116,1
E01000117,1
E01000129,1
E01000146,7
E01000162,1
E01000171,1
E01000174,1
E01000181,3
E01000192,3
E01000194,1
E01000230,1
E01000233,1
E01000235,1
E01000237,1
E01000243,1
E01000245,2
E01000250,3
E01000257,1
E01000264,4
E01000268,1
E01000274,1
E01000281,1
E01000296,2
E01000298,4
E01000299,2
E01000313,1
E01000314,1
E01000321,3
E01000323,1
E01000333,1
E01000336,1
E01000343,1
E01000347,2
E01000350,1
E01000352,2
E01000358,1
E01000360,1
E01000365,1
E01000385,1
E01000392,1
E01000394,1
E01000403,2
E01000414,2
E01000439,1
E01000457,1
E01000472,1
E01000477,1
E01000487,3
E01000499,1
E01000510,4
E01000515,1
E01000516,3
E01000519,1
E01000521,2
E01000523,1
E01000524,1
E01000536,1
E01000543,2
E01000544,1
E01000545,3
E01000548,2
E01000553,1
E01000556,2
E01000564,1
E01000575,1
E01000583,2
E01000586,2
E01000591,2
E01000592,1
E01000594,1
E01000608,3
E01000617,1
E01000620,1
E01000621,1
E01000623,1
E01000625,1
E01000632,2
E01000633,4
E01000640,2
E01000642,3
E01000668,1
E01000676,3
E01000685,1
E01000687,1
E01000692,1
E01000703,1
E01000705,1
E01000714,2
E01000727,1
E01000729,1
E01000756,1
E01000765,1
E01000774,1
E01000777,1
E01000779,1
E01000782,1
E01000790,2
E01000799,2
E01000806,1
E01000807,3
E01000827,1
E01000835,1
E01000855,1
E01000861,1
E01000863,3
E01000869,1
E01000872,1
E01000883,1
E01000896,1
E01000903,1
E01000904,1
E01000914,3
E01000927,1
E01000928,2
E01000930,2
E01000939,1
E01000943,1
E01000944,1
E01000947,2
E01000956,1
E01000960,1
E01000961,1
E01000973,1
E01000976,1
E01000983,1
E01000986,1
E01000993,1
E01001008,1
E01001011,1
E01001013,1
E01001021,1
E01001023,1
E01001041,1
E01001042,1
E01001065,1
E01001076,2
E01001087,3
E01001089,1
E01001091,1
E01001097,2
E01001102,1
E01001125,1
E01001134,2
E01001135,1
E01001145,2
E01001154,1
E01001155,3
E01001157,1
E01001164,1
E01001176,1
E01001182,1
E01001183,2
E01001191,1
E01001196,1
E01001200,1
E01001202,1
E01001225,1
E01001233,2
E01001250,1
E01001252,2
E01001259,1
E01001261,4
E01001278,1
E01001285,1
E01001297,1
E01001299,1
E01001301,1
E01001302,1
E01001307,1
E01001323,2
E01001326,1
E01001333,1
E01001336,1
E01001351,1
E01001355,1
E01001359,1
E01001361,5
E01001367,2
E01001371,1
E01001388,1
E01001389,2
E01001394,1
E01001396,2
E01001399,1
E01001400,1
E01001402,1
E01001406,1
E01001415,2
E01001419,2
E01001428,1
E01001429,5
E01001432,1
E01001433,1
E01001439,2
E01001442,3
E01001447,1
E01001450,1
E01001460,1
E01001465,1
E01001472,1
E01001479,2
E01001487,1
E01001498,3
E01001503,1
E01001507,4
E01001511,1
E01001512,2
E01001523,1
E01001532,1
E01001534,2
E01001536,1
E01001540,2
E01001542,1
E01001549,1
E01001555,2
E01001558,2
E01001559,1
E01001569,2
E01001570,1
E01001576,1
E01001578,2
E01001580,1
E01001594,1
E01001597,1
E01001607,2
E01001609,1
E01001615,2
E01001617,1
E01001632,2
E01001641,2
E01001652,1
E01001666,1
E01001671,1
E01001673,1
E01001675,3
E01001688,1
E01001700,1
E01001703,1
E01001712,1
E01001720,1
E01001722,1
E01001724,1
E01001730,1
E01001731,1
E01001733,1
E01001734,4
E01001744,1
E01001758,1
E01001760,1
E01001764,1
E01001770,1
E01001774,1
E01001784,1
E01001793,1
E01001794,2
E01001798,1
E01001808,3
E01001813,1
E01001829,2
E01001830,1
E01001850,1
E01001854,1
E01001857,1
E01001860,1
E01001875,1
E01001880,1
E01001881,2
E01001884,1
E01001891,2
E01001894,1
E01001896,1
E01001898,4
E01001912,1
E01001914,1
E01001933,2
E01001941,2
E01001943,2
E01001954,1
E01001961,1
E01001968,1
E01001970,2
E01001974,1
E01001978,1
E01001979,1
E01001983,1
E01001990,3
E01001997,2
E01001999,1
E01002003,1
E01002026,1
E01002028,1
E01002029,4
E01002031,3
E01002034,2
E01002037,1
E01002038,1
E01002043,1
E01002044,2
E01002047,1
E01002054,1
E01002057,1
E01002069,2
E01002071,1
E01002073,1
E01002077,2
E01002081,1
E01002085,1
E01002088,1
E01002093,1
E01002098,2
E01002100,1
E01002103,3
E01002105,1
E01002111,1
E01002118,2
E01002120,1
E01002123,3
E01002125,1
E01002129,1
E01002130,5
E01002135,1
E01002136,1
E01002140,1
E01002141,1
E01002150,1
E01002151,1
E01002157,1
E01002159,1
E01002175,2
E01002177,1
E01002179,4
E01002182,1
E01002202,2
E01002204,1
E01002209,2
E01002219,3
E01002221,1
E01002223,1
E01002226,2
E01002232,1
E01002233,1
E01002247,1
E01002256,1
E01002261,1
E01002265,1
E01002266,1
E01002276,1
E01002281,1
E01002282,2
E01002291,1
E01002297,1
E01002303,1
E01002310,1
E01002326,5
E01002342,2
E01002345,2
E01002356,5
E01002361,3
E01002365,1
E01002367,1
E01002377,1
E01002379,1
E01002386,1
E01002397,3
E01002405,1
E01002412,2
E01002421,1
E01002422,2
E01002432,2
E01002445,1
E01002448,1
E01002455,1
E01002460,1
E01002465,1
E01002470,1
E01002478,2
E01002483,2
E01002490,1
E01002496,1
E01002497,1
E01002506,2
E01002513,2
E01002521,1
E01002535,1
E01002542,1
E01002552,1
E01002558,3
E01002565,1
E01002584,2
E01002585,1
E01002593,1
E01002594,1
E01002607,3
E01002608,1
E01002614,1
E01002620,3
E01002634,1
E01002641,1
E01002650,2
E01002652,1
E01002661,3
E01002662,1
E01002667,1
E01002677,2
E01002681,1
E01002693,1
E01002695,2
E01002696,2
E01002702,1
E01002706,1
E01002711,1
E01002712,1
E01002715,1
E01002730,1
E01002748,2
E01002749,1
E01002770,2
E01002772,1
E01002779,2
E01002795,1
E01002804,1
E01002805,2
E01002817,1
E01002819,1
E01002821,1
E01002826,1
E01002827,1
E01002831,2
E01002835,1
E01002850,1
E01002851,1
E01002870,1
E01002879,1
E01002884,1
E01002902,1
E01002906,1
E01002913,2
E01002919,1
E01002930,2
E01002932,1
E01002935,1
E01002939,2
E01002941,2
E01002968,3
E01002987,3
E01003003,3
E01003017,1
E01003018,1
E01003023,1
E01003035,1
E01003037,1
E01003041,2
E01003047,2
E01003061,2
E01003089,1
E01003097,2
E01003099,1
E01003120,2
E01003127,1
E01003128,2
E01003129,1
E01003130,1
E01003131,1
E01003139,1
E01003153,1
E01003166,2
E01003190,1
E01003202,2
E01003214,1
E01003223,1
E01003226,1
E01003231,1
E01003235,1
E01003237,1
E01003243,2
E01003251,2
E01003252,1
E01003253,1
E01003255,2
E01003263,1
E01003272,1
E01003279,1
E01003283,1
E01003285,1
E01003286,1
E01003292,1
E01003299,1
E01003303,1
E01003304,2
E01003312,1
E01003318,5
E01003327,3
E01003338,1
E01003351,1
E01003373,1
E01003379,1
E01003383,1
E01003389,2
E01003393,1
E01003394,1
E01003413,1
E01003414,1
E01003417,1
E01003422,1
E01003427,1
E01003439,2
E01003446,1
E01003456,2
E01003459,1
E01003469,1
E01003470,1
E01003486,1
E01003499,3
E01003502,3
E01003515,1
E01003516,1
E01003520,1
E01003521,7
E01003529,1
E01003531,2
E01003534,1
E01003537,2
E01003538,1
E01003539,1
E01003548,1
E01003549,1
E01003556,3
E01003558,2
E01003562,1
E01003566,4
E01003567,1
E01003578,1
E01003582,1
E01003591,2
E01003595,1
E01003600,1
E01003601,2
E01003602,1
E01003605,1
E01003611,1
E01003619,1
E01003622,1
E01003630,1
E01003635,1
E01003636,1
E01003647,1
E01003653,1
E01003655,1
E01003657,1
E01003658,1
E01003668,1
E01003674,1
E01003678,1
E01003680,1
E01003688,1
E01003689,2
E01003699,1
E01003701,3
E01003704,2
E01003705,1
E01003707,1
E01003715,1
E01003716,2
E01003719,1
E01003720,1
E01003726,1
E01003729,1
E01003750,1
E01003755,1
E01003765,2
E01003767,3
E01003768,1
E01003778,2
E01003783,2
E01003807,1
E01003815,1
E01003817,1
E01003824,1
E01003876,3
E01003882,1
E01003887,1
E01003888,1
E01003896,1
E01003897,1
E01003898,1
E01003909,3
E01003916,1
E01003922,3
E01003926,1
E01003937,1
E01003939,3
E01003952,1
E01003958,1
E01003961,1
E01003966,1
E01003969,2
E01003979,2
E01003980,1
E01003986,1
E01003989,1
E01003994,2
E01004007,1
E01004023,1
E01004033,1
E01004036,2
E01004042,3
E01004062,1
E01004067,4
E01004068,1
E01004086,1
E01004123,1
E01004131,1
E01004134,1
E01004137,1
E01004138,1
E01004165,1
E01004178,2
E01004182,1
E01004183,1
E01004191,1
E01004195,1
E01004203,2
E01004208,3
E01004211,1
E01004212,1
E01004217,1
E01004219,1
E01004221,2
E01004222,1
E01004226,2
E01004231,1
E01004234,1
E01004241,1
E01004244,2
E01004247,1
E01004255,1
E01004257,1
E01004260,1
E01004290,1
E01004302,1
E01004309,3
E01004310,1
E01004315,1
E01004322,1
E01004326,2
E01004332,1
E01004341,1
E01004342,1
E01004347,1
E01004354,1
E01004365,2
E01004368,1
E01004376,1
E01004381,1
E01004384,2
E01004392,2
E01004397,5
E01004411,1
E01004414,1
E01004417,1
E01004420,2
E01004422,1
E01004424,1
E01004427,1
E01004430,2
E01004438,3
E01004440,1
E01004446,1
E01004451,1
E01004452,2
E01004453,1
E01004455,1
E01004458,2
E01004464,1
E01004467,1
E01004474,2
E01004481,1
E01004494,1
E01004498,1
E01004508,1
E01004522,1
E01004525,3
E01004529,1
E01004540,1
E01004545,1
E01004551,1
E01004552,1
E01004571,1
E01004582,1
E01004588,1
E01004596,1
E01004609,2
E01004613,3
E01004614,1
E01004639,1
E01004652,2
E01004658,2
E01004660,1
E01004661,1
E01004662,1
E01004665,1
E01004679,2
E01004682,2
E01004686,2
E01004694,1
E01004695,2
E01004712,1
E01004714,3
E01004715,1
E01004724,1
E01004731,1
E01004733,1
E01004734,5
E01004735,1
E01004741,1
E01004744,1
E01004748,2
E01004749,1
E01004750,2
E01004755,2
E01004761,4
E01004762,2
E01004765,1
E01032570,1
E01032573,1
E01032579,1
E01032580,2
E01032582,2
E01032640,1
E01032719,1
E01032739,14
E01032740,2
E01032741,3
E01032744,1
E01032769,2
E01032771,3
E01032786,1
E01033030,2
E01033083,5
E01033084,1
E01033086,1
E01033100,1
E01033151,1
E01033327,4
E01033455,1
E01033457,2
E01033485,1
E01033486,1
E01033589,2
E01033591,1
E01033594,2
E01033604,1
E01033699,4
E01033704,2
E01033706,1
E01033729,1
E01033735,2
E01033737,2
E01033741,1
E01033785,1
E01033791,2
E01033862,1
E01033872,1
E01033874,1
E01033877,3
E01033882,1
E01033883,1
E01033922,1
E01033925,2
E01033926,1
E01033927,5
E01033931,2
E01033935,1
E01033936,4
E01034030,3
E01034032,2
E01034035,1
E01034036,1
E01034040,1
E01034143,2
E01034148,2
E01034150,3
E01034152,1
E01034155,1
E01034156,2
E01034182,1
E01034185,3
E01034186,1
E01034187,2
E01034200,3
E01034203,1
E01034220,1
E01034386,3
E01034394,2
E01034473,6
E01034474,1
E01034487,1
E01034580,1
E01034602,1
E01034609,2
E01034612,1
E01035493,2
E01035494,1
E01035638,1
E01035642,1
E01035652,2
E01035655,1
E01035659,1
E01035670,2
E01035672,2
E01035673,1
E01035675,2
E01035685,1
E01035694,1
E01035696,1
E01035711,2
E01035716,1
E01035718,1
